taxon_name,neotoma_names,neotoma_names_clean
abatia,Abatia,Abatia
abies,Abies,Abies
acacia,Acacia,Acacia
acacia_inga,Acacia/Inga,Acacia Inga
acacia_type,Acacia-type,Acacia Type
acanthaceae_undiff,Acanthaceae undiff.,Acanthaceae Undiff
acer,Acer,Acer
acnistus,Acnistus,Acnistus
actinostemon,Actinostemon,Actinostemon
actinostemon_concolor,Actinostemon concolor,Actinostemon Concolor
adelobotrys,Adelobotrys,Adelobotrys
adelobotrys_type,Adelobotrys-type,Adelobotrys Type
adenopeltis,Adenopeltis,Adenopeltis
adesmia,Adesmia,Adesmia
adiscanthus,Adiscanthus,Adiscanthus
aechmea,Aechmea,Aechmea
aegiphila,Aegiphila,Aegiphila
aegiphila_type,Aegiphila-type,Aegiphila Type
aeschynomene,Aeschynomene,Aeschynomene
aetanthus,Aetanthus,Aetanthus
aextoxicon_punctatum,Aextoxicon punctatum,Aextoxicon Punctatum
aff_astronium,aff. Astronium,Aff Astronium
aff_casuarina,aff. Casuarina,Aff Casuarina
aff_colubrina,aff. Colubrina,Aff Colubrina
aff_dalechampia,aff. Dalechampia,Aff Dalechampia
aff_fissicalyx,aff. Fissicalyx,Aff Fissicalyx
aff_gaylussacia,aff. Gaylussacia,Aff Gaylussacia
aff_malvaceae,aff. Malvaceae,Aff Malvaceae
aff_melanoxylon,aff. Melanoxylon,Aff Melanoxylon
aff_posoqueria,aff. Posoqueria,Aff Posoqueria
aff_trichilia,aff. Trichilia,Aff Trichilia
aff_triumfetta,aff. Triumfetta,Aff Triumfetta
agarista,Agarista,Agarista
agavoideae,Agavoideae,Agavoideae
alchornea,Alchornea,Alchornea
alchornea_conceveibum,Alchornea/Conceveibum,Alchornea Conceveibum
alchornea_latifolia,Alchornea latifolia,Alchornea Latifolia
alchornea_type,Alchornea-type,Alchornea Type
alchornea_type_1,Alchornea (type 1),Alchornea Type 1)
alchornea_type_2,Alchornea (type 2),Alchornea Type 2)
alchornea_type_3,Alchornea (type 3),Alchornea Type 3)
alchornea_type_4,Alchornea (type 4),Alchornea Type 4)
alchornea_type_a,Alchornea (type A),Alchornea Type a)
alchorneopsis,Alchorneopsis,Alchorneopsis
alchorneopsis_floribunda,Alchorneopsis floribunda,Alchorneopsis Floribunda
aldina,Aldina,Aldina
alibertia,Alibertia,Alibertia
alibertia_amaioua,Alibertia/Amaioua,Alibertia Amaioua
alibertia_type,Alibertia-type,Alibertia Type
allophylus,Allophylus,Allophylus
allophylus_type,Allophylus-type,Allophylus Type
alnus,Alnus,Alnus
alnus_acuminata,Alnus acuminata,Alnus Acuminata
alnus_glutinosa,Alnus glutinosa,Alnus Glutinosa
aloysia,Aloysia,Aloysia
alseis,Alseis,Alseis
amaioua,Amaioua,Amaioua
amanoa,Amanoa,Amanoa
amyris,Amyris,Amyris
anacardiaceae,Anacardiaceae,Anacardiaceae
anacardiaceae_20_mu_m,Anacardiaceae (20 µm),Anacardiaceae 20 Mm)
anacardiaceae_cf_loxopterygium,Anacardiaceae cf. Loxopterygium,Anacardiaceae Cf Loxopterygium
anacardiaceae_cf_schinus,Anacardiaceae cf. Schinus,Anacardiaceae Cf Schinus
anacardiaceae_cf_spondias,Anacardiaceae cf. Spondias,Anacardiaceae Cf Spondias
anacardiaceae_type_16,Anacardiaceae (type 16),Anacardiaceae Type 16)
anacardiaceae_type_19,Anacardiaceae (type 19),Anacardiaceae Type 19)
anacardiaceae_type_20,Anacardiaceae (type 20),Anacardiaceae Type 20)
anacardiaceae_type_25,Anacardiaceae (type 25),Anacardiaceae Type 25)
anacardiaceae_type_30,Anacardiaceae (type 30),Anacardiaceae Type 30)
anacardiaceae_type_35,Anacardiaceae (type 35),Anacardiaceae Type 35)
anacardiaceae_type_i,Anacardiaceae (type I),Anacardiaceae Type i)
anacardiaceae_type_ii,Anacardiaceae (type II),Anacardiaceae Type Ii)
anacardiaceae_type_iii,Anacardiaceae (type III),Anacardiaceae Type Iii)
anacardiaceae_undiff,Anacardiaceae undiff.,Anacardiaceae Undiff
anacardium,Anacardium,Anacardium
anacardium_type,Anacardium-type,Anacardium Type
anadenanthera,Anadenanthera,Anadenanthera
anadenanthera_polyad_type_16,"Anadenanthera (polyad, type 16)","Anadenanthera Polyad,Type 16)"
anadenanthera_polyad_type_8,"Anadenanthera (polyad, type 8)","Anadenanthera Polyad,Type 8)"
andira,Andira,Andira
andira_type,Andira-type,Andira Type
anemopaegma,Anemopaegma,Anemopaegma
annona,Annona,Annona
annona_sp,Annona sp.,Annona Sp
annona_type,Annona-type,Annona Type
annona_type_a,Annona (type A),Annona Type a)
annona_type_b,Annona (type B),Annona Type b)
annonaceae,Annonaceae,Annonaceae
annonaceae_cf_annona,Annonaceae cf. Annona,Annonaceae Cf Annona
annonaceae_undiff,Annonaceae undiff.,Annonaceae Undiff
anthodiscus,Anthodiscus,Anthodiscus
anthodon,Anthodon,Anthodon
antidaphne,Antidaphne,Antidaphne
antidaphne_type,Antidaphne-type,Antidaphne Type
antirhea,Antirhea,Antirhea
apeiba,Apeiba,Apeiba
apeiba_tibourbou,Apeiba tibourbou,Apeiba Tibourbou
apeiba_type,Apeiba-type,Apeiba Type
apoplanesia,Apoplanesia,Apoplanesia
apuleia,Apuleia,Apuleia
apuleia_leiocarpa,Apuleia leiocarpa,Apuleia Leiocarpa
apuleia_type,Apuleia-type,Apuleia Type
aquifoliaceae_undiff,Aquifoliaceae undiff.,Aquifoliaceae Undiff
araliaceae_cf_didymopanax,Araliaceae cf. Didymopanax,Araliaceae Cf Didymopanax
araliaceae_cf_oreopanax,Araliaceae cf. Oreopanax,Araliaceae Cf Oreopanax
araucaria,Araucaria,Araucaria
araucaria_angustifolia,Araucaria angustifolia,Araucaria Angustifolia
arcytophyllum,Arcytophyllum,Arcytophyllum
ardisia,Ardisia,Ardisia
arecaceae,Arecaceae,Arecaceae
arecaceae_bromeliaceae,Arecaceae/Bromeliaceae,Arecaceae Bromeliaceae
arecaceae_cf_desmoncus,Arecaceae cf. Desmoncus,Arecaceae Cf Desmoncus
arecaceae_cf_euterpe,Arecaceae cf. Euterpe,Arecaceae Cf Euterpe
arecaceae_cf_geonoma,Arecaceae cf. Geonoma,Arecaceae Cf Geonoma
arecaceae_cf_oenocarpus,Arecaceae cf. Oenocarpus,Arecaceae Cf Oenocarpus
arecaceae_cf_phytelephas,Arecaceae cf. Phytelephas,Arecaceae Cf Phytelephas
arecaceae_echinate,Arecaceae (echinate),Arecaceae Echinate)
arecaceae_monocolpate,Arecaceae (monocolpate),Arecaceae Monocolpate)
arecaceae_pro_parte,Arecaceae pro parte,Arecaceae Pro Parte
arecaceae_reticulate,Arecaceae (reticulate),Arecaceae Reticulate)
arecaceae_tricolpate,Arecaceae (tricolpate),Arecaceae Tricolpate)
arecaceae_type_1,Arecaceae (type 1),Arecaceae Type 1)
arecaceae_type_2,Arecaceae (type 2),Arecaceae Type 2)
arecaceae_type_5,Arecaceae (type 5),Arecaceae Type 5)
arecaceae_type_a,Arecaceae (type A),Arecaceae Type a)
arecaceae_type_b,Arecaceae (type B),Arecaceae Type b)
arecaceae_type_c,Arecaceae (type C),Arecaceae Type c)
arecaceae_type_d,Arecaceae (type D),Arecaceae Type d)
arecaceae_type_i,Arecaceae (type I),Arecaceae Type i)
arecaceae_type_ii,Arecaceae (type II),Arecaceae Type Ii)
arecaceae_type_iii,Arecaceae (type III),Arecaceae Type Iii)
arecaceae_type_iv,Arecaceae (type IV),Arecaceae Type Iv)
arecaceae_type_v,Arecaceae (type V),Arecaceae Type v)
arecaceae_undiff,Arecaceae undiff.,Arecaceae Undiff
aristotelia,Aristotelia,Aristotelia
arrabidaea,Arrabidaea,Arrabidaea
arrabidaea_type_1,Arrabidaea (type 1),Arrabidaea Type 1)
arrabidaea_type_2,Arrabidaea (type 2),Arrabidaea Type 2)
artemisia_gochnatia,Artemisia/Gochnatia,Artemisia Gochnatia
aspidosperma,Aspidosperma,Aspidosperma
aspidosperma_aff_a_album,Aspidosperma aff. A. album,Aspidosperma Aff a Album
aspidosperma_type,Aspidosperma-type,Aspidosperma Type
astrocaryum,Astrocaryum,Astrocaryum
astronium,Astronium,Astronium
astronium_concinnum,Astronium concinnum,Astronium Concinnum
astronium_fraxinifolium,Astronium fraxinifolium,Astronium Fraxinifolium
astronium_fraxinifolium_type_3,Astronium fraxinifolium (type 3),Astronium Fraxinifolium(Type 3)
astronium_fraxinifolium_type_5,Astronium fraxinifolium (type 5),Astronium Fraxinifolium(Type 5)
astronium_type,Astronium-type,Astronium Type
austrocedrus,Austrocedrus,Austrocedrus
austrocedrus_chilensis_type,Austrocedrus chilensis-type,Austrocedrus Chilensis-Type
avicennia,Avicennia,Avicennia
avicennia_germinans,Avicennia germinans,Avicennia Germinans
ayenia,Ayenia,Ayenia
azara,Azara,Azara
bactris,Bactris,Bactris
bactris_type,Bactris-type,Bactris Type
balfourodendron,Balfourodendron,Balfourodendron
banara,Banara,Banara
banara_type,Banara-type,Banara Type
banara_xylosma,Banara/Xylosma,Banara Xylosma
banara_xylosma_type,Banara/Xylosma-type,Banara Xylosma-Type
banisteriopsis,Banisteriopsis,Banisteriopsis
bathysa,Bathysa,Bathysa
batis,Batis,Batis
bauhinia,Bauhinia,Bauhinia
bauhinia_bicuspidata_type,Bauhinia bicuspidata-type,Bauhinia Bicuspidata-Type
bauhinia_type,Bauhinia-type,Bauhinia Type
belangera,Belangera,Belangera
berberidaceae,Berberidaceae,Berberidaceae
berberis,Berberis,Berberis
bernardia_cf_b_pulchella,Bernardia cf. B. pulchella,Bernardia Cf b Pulchella
bertiera,Bertiera,Bertiera
betulaceae,Betulaceae,Betulaceae
bignonia,Bignonia,Bignonia
bignonia_cf_b_neoheterophylla,Bignonia cf. B. neoheterophylla,Bignonia Cf b Neoheterophylla
bignoniaceae,Bignoniaceae,Bignoniaceae
bignoniaceae_undiff,Bignoniaceae undiff.,Bignoniaceae Undiff
billia,Billia,Billia
blepharandra,Blepharandra,Blepharandra
bocconia,Bocconia,Bocconia
bocconia_type,Bocconia-type,Bocconia Type
bocoa,Bocoa,Bocoa
bombacoideae,Bombacoideae,Bombacoideae
bombacoideae_undiff,Bombacoideae undiff.,Bombacoideae Undiff
bombacopsis,Bombacopsis,Bombacopsis
bombax_type_2,Bombax (type 2),Bombax Type 2)
bombax_undiff,Bombax undiff.,Bombax Undiff
bonamia,Bonamia,Bonamia
bonnetia,Bonnetia,Bonnetia
boraginales_cf_cordia,Boraginales  cf. Cordia,Boraginales Cf Cordia
borismene,Borismene,Borismene
bowdichia,Bowdichia,Bowdichia
bravaisia,Bravaisia,Bravaisia
bravaisia_berlandieriana,Bravaisia berlandieriana,Bravaisia Berlandieriana
brosimum,Brosimum,Brosimum
brosimum_alicastrum,Brosimum alicastrum,Brosimum Alicastrum
browneopsis_ucayalina_smaller,Browneopsis ucayalina (smaller),Browneopsis Ucayalina(Smaller)
brunellia,Brunellia,Brunellia
brunellia_type,Brunellia-type,Brunellia Type
buddleja,Buddleja,Buddleja
buddleja_type,Buddleja-type,Buddleja Type
bumelia,Bumelia,Bumelia
bumelia_type,Bumelia-type,Bumelia Type
bunchosia,Bunchosia,Bunchosia
bursera,Bursera,Bursera
bursera_simaruba,Bursera simaruba,Bursera Simaruba
burseraceae,Burseraceae,Burseraceae
burseraceae_cf_protium,Burseraceae cf. Protium,Burseraceae Cf Protium
burseraceae_undiff,Burseraceae undiff.,Burseraceae Undiff
buxus,Buxus,Buxus
byrsonima,Byrsonima,Byrsonima
byrsonima_type,Byrsonima-type,Byrsonima Type
byrsonima_type_1,Byrsonima (type 1),Byrsonima Type 1)
byttneria,Byttneria,Byttneria
byttneria_type,Byttneria-type,Byttneria Type
cabralea,Cabralea,Cabralea
cactaceae,Cactaceae,Cactaceae
cactaceae_type,Cactaceae-type,Cactaceae Type
caesalpinia,Caesalpinia,Caesalpinia
caesalpinia_cenostigma,Caesalpinia/Cenostigma,Caesalpinia Cenostigma
caesalpinioideae,Caesalpinioideae,Caesalpinioideae
caesalpinioideae_18_mu_m,Caesalpinioideae (18 µm),Caesalpinioideae 18 Mm)
caesalpinioideae_26_mu_m,Caesalpinioideae (26 µm),Caesalpinioideae 26 Mm)
caesalpinioideae_cf_senna,Caesalpinioideae cf. Senna,Caesalpinioideae Cf Senna
caesalpinioideae_type_22,Caesalpinioideae (type 22),Caesalpinioideae Type 22)
caesalpinioideae_undiff,Caesalpinioideae undiff.,Caesalpinioideae Undiff
calliandra,Calliandra,Calliandra
calophyllum,Calophyllum,Calophyllum
calycobolus,Calycobolus,Calycobolus
calycolpus,Calycolpus,Calycolpus
campnosperma,Campnosperma,Campnosperma
campomanesia,Campomanesia,Campomanesia
capparaceae,Capparaceae,Capparaceae
capparis,Capparis,Capparis
caprifoliaceae,Caprifoliaceae,Caprifoliaceae
caraipa,Caraipa,Caraipa
carapa,Carapa,Carapa
cariniana,Cariniana,Cariniana
caryocar,Caryocar,Caryocar
caryocar_brasiliense,Caryocar brasiliense,Caryocar Brasiliense
caryocaraceae,Caryocaraceae,Caryocaraceae
caryodendron,Caryodendron,Caryodendron
casasia,Casasia,Casasia
casearia,Casearia,Casearia
casearia_cf_c_arborea,Casearia cf. C. arborea,Casearia Cf c Arborea
casearia_cf_c_commersoniana,Casearia cf. C. commersoniana,Casearia Cf c Commersoniana
casearia_cf_c_sylvestris,Casearia cf. C. sylvestris,Casearia Cf c Sylvestris
casearia_reticulate,Casearia (reticulate),Casearia Reticulate)
casearia_type,Casearia-type,Casearia Type
casearia_type_1,Casearia (type 1),Casearia Type 1)
cassia,Cassia,Cassia
cassia_type,Cassia-type,Cassia Type
cassia_type_2,Cassia (type 2),Cassia Type 2)
cassiope,Cassiope,Cassiope
castanea,Castanea,Castanea
castela,Castela,Castela
castilla_type,Castilla-type,Castilla Type
casuarina,Casuarina,Casuarina
catostemma,Catostemma,Catostemma
cavanillesia,Cavanillesia,Cavanillesia
cecropia,Cecropia,Cecropia
cecropia_type_1,Cecropia (type 1),Cecropia Type 1)
cedrela,Cedrela,Cedrela
cedrela_cf_c_fissilis,Cedrela cf. C. fissilis,Cedrela Cf c Fissilis
ceiba,Ceiba,Ceiba
celastraceae,Celastraceae,Celastraceae
celtis,Celtis,Celtis
celtis_tetraporate,Celtis (tetraporate),Celtis Tetraporate)
celtis_type,Celtis-type,Celtis Type
celtis_type_1,Celtis (type 1),Celtis Type 1)
celtis_type_2,Celtis (type 2),Celtis Type 2)
celtis_type_3,Celtis (type 3),Celtis Type 3)
celtis_type_4,Celtis (type 4),Celtis Type 4)
celtis_undiff,Celtis undiff.,Celtis Undiff
centrolobium,Centrolobium,Centrolobium
centrolobium_sp,Centrolobium sp.,Centrolobium Sp
ceroxylon,Ceroxylon,Ceroxylon
ceroxylon_type,Ceroxylon-type,Ceroxylon Type
cespedesia,Cespedesia,Cespedesia
cestrum,Cestrum,Cestrum
cestrum_type_2,Cestrum (type 2),Cestrum Type 2)
cestrum_undiff,Cestrum undiff.,Cestrum Undiff
cf_agave,cf. Agave,Cf Agave
cf_alnus,cf. Alnus,Cf Alnus
cf_anacardiaceae_type_a,cf. Anacardiaceae (type A),Cf Anacardiaceae(Type a)
cf_anacardiaceae_type_b,cf. Anacardiaceae (type B),Cf Anacardiaceae(Type b)
cf_annonaceae_rubiaceae,cf. Annonaceae/Rubiaceae,Cf Annonaceae/Rubiaceae
cf_apeiba_tibourbou,cf. Apeiba tibourbou,Cf Apeiba Tibourbou
cf_ardisia,cf. Ardisia,Cf Ardisia
cf_aspidosperma,cf. Aspidosperma,Cf Aspidosperma
cf_astronium_fraxinifolium_type_a,cf. Astronium fraxinifolium (type A),Cf Astronium Fraxinifolium(Type a)
cf_astronium_fraxinifolium_type_b,cf. Astronium fraxinifolium (type B),Cf Astronium Fraxinifolium(Type b)
cf_bauhinia,cf. Bauhinia,Cf Bauhinia
cf_bursera,cf. Bursera,Cf Bursera
cf_carapa,cf. Carapa,Cf Carapa
cf_carica,cf. Carica,Cf Carica
cf_carya,cf. Carya,Cf Carya
cf_casearia,cf. Casearia,Cf Casearia
cf_cassia,cf. Cassia,Cf Cassia
cf_ceiba,cf. Ceiba,Cf Ceiba
cf_clusia,cf. Clusia,Cf Clusia
cf_coccoloba,cf. Coccoloba,Cf Coccoloba
cf_copaifera,cf. Copaifera,Cf Copaifera
cf_cupressaceae,cf. Cupressaceae,Cf Cupressaceae
cf_daphne,cf. Daphne,Cf Daphne
cf_dioclea,cf. Dioclea,Cf Dioclea
cf_elaeagnaceae,cf. Elaeagnaceae,Cf Elaeagnaceae
cf_elaeoluma,cf. Elaeoluma,Cf Elaeoluma
cf_faramea,cf. Faramea,Cf Faramea
cf_freycinetia,cf. Freycinetia,Cf Freycinetia
cf_gossypium,cf. Gossypium,Cf Gossypium
cf_guazuma,cf. Guazuma,Cf Guazuma
cf_heisteria,cf. Heisteria,Cf Heisteria
cf_heliotropium_lafoensia,cf. Heliotropium/Lafoensia,Cf Heliotropium/Lafoensia
cf_hippomane,cf. Hippomane,Cf Hippomane
cf_hyptis,cf. Hyptis,Cf Hyptis
cf_juglans,cf. Juglans,Cf Juglans
cf_juniperus,cf. Juniperus,Cf Juniperus
cf_macherium_type_7,cf. Macherium (type 7),Cf Macherium(Type 7)
cf_malpighiaceae,cf. Malpighiaceae,Cf Malpighiaceae
cf_melia,cf. Melia,Cf Melia
cf_meliaceae,cf. Meliaceae,Cf Meliaceae
cf_meliaceae_sapotaceae,cf. Meliaceae/Sapotaceae,Cf Meliaceae/Sapotaceae
cf_mimosoid_clade,cf. mimosoid clade,Cf Mimosoid Clade
cf_morus,cf. Morus,Cf Morus
cf_myrica,cf. Myrica,Cf Myrica
cf_myrsine_tricolpate,cf. Myrsine (tricolpate),Cf Myrsine(Tricolpate)
cf_palicourea,cf. Palicourea,Cf Palicourea
cf_piperaceae,cf. Piperaceae,Cf Piperaceae
cf_pistacia,cf. Pistacia,Cf Pistacia
cf_pouteria,cf. Pouteria,Cf Pouteria
cf_psychotria,cf. Psychotria,Cf Psychotria
cf_quercus,cf. Quercus,Cf Quercus
cf_rapanea,cf. Rapanea,Cf Rapanea
cf_rhamnaceae,cf. Rhamnaceae,Cf Rhamnaceae
cf_rhamnus,cf. Rhamnus,Cf Rhamnus
cf_rhizophora,cf. Rhizophora,Cf Rhizophora
cf_ribes,cf. Ribes,Cf Ribes
cf_rubiaceae,cf. Rubiaceae,Cf Rubiaceae
cf_sapindaceae,cf. Sapindaceae,Cf Sapindaceae
cf_sapium,cf. Sapium,Cf Sapium
cf_sapotaceae,cf. Sapotaceae,Cf Sapotaceae
cf_schefflera,cf. Schefflera,Cf Schefflera
cf_sebastiania,cf. Sebastiania,Cf Sebastiania
cf_simarouba_amara,cf. Simarouba amara,Cf Simarouba Amara
cf_spondias,cf. Spondias,Cf Spondias
cf_sterculia,cf. Sterculia,Cf Sterculia
cf_symmeria,cf. Symmeria,Cf Symmeria
cf_tachigali,cf. Tachigali,Cf Tachigali
cf_talisia,cf. Talisia,Cf Talisia
cf_tanaecium,cf. Tanaecium,Cf Tanaecium
cf_thrinax_iriartea,cf. Thrinax/Iriartea,Cf Thrinax/Iriartea
cf_trema,cf. Trema,Cf Trema
cf_trema_lozanella,cf. Trema/Lozanella,Cf Trema/Lozanella
cf_trichilia,cf. Trichilia,Cf Trichilia
cf_tristerix,cf. Tristerix,Cf Tristerix
cf_tynanthus,cf. Tynanthus,Cf Tynanthus
cf_viburnum,cf. Viburnum,Cf Viburnum
cf_vitex,cf. Vitex,Cf Vitex
cf_zollernia,cf. Zollernia,Cf Zollernia
chamaedorea,Chamaedorea,Chamaedorea
cheiloclinium,Cheiloclinium,Cheiloclinium
chelonanthus,Chelonanthus,Chelonanthus
chelyocarpus,Chelyocarpus,Chelyocarpus
chiococca,Chiococca,Chiococca
chloranthaceae_undiff,Chloranthaceae undiff.,Chloranthaceae Undiff
chomelia,Chomelia,Chomelia
chomelia_type,Chomelia-type,Chomelia Type
chrysobalanaceae,Chrysobalanaceae,Chrysobalanaceae
chrysobalanaceae_undiff,Chrysobalanaceae undiff.,Chrysobalanaceae Undiff
chrysobalanus,Chrysobalanus,Chrysobalanus
chrysophyllum,Chrysophyllum,Chrysophyllum
chrysophyllum_marginatum,Chrysophyllum marginatum,Chrysophyllum Marginatum
chrysophyllum_undiff,Chrysophyllum undiff.,Chrysophyllum Undiff
chrysophyllum_viride_type,Chrysophyllum viride-type,Chrysophyllum Viride-Type
cissampelos,Cissampelos,Cissampelos
cissus,Cissus,Cissus
cissus_type,Cissus-type,Cissus Type
citrus,Citrus,Citrus
cleidion,Cleidion,Cleidion
clethra,Clethra,Clethra
clethra_type,Clethra-type,Clethra Type
clethra_type_2,Clethra (type 2),Clethra Type 2)
clethra_undiff,Clethra undiff.,Clethra Undiff
clethraceae,Clethraceae,Clethraceae
clusia,Clusia,Clusia
clusia_criuva,Clusia criuva,Clusia Criuva
clusia_type,Clusia-type,Clusia Type
clusiaceae,Clusiaceae,Clusiaceae
clusiaceae_hypericaceae_cf_hypericum,Clusiaceae/Hypericaceae cf. Hypericum,Clusiaceae Hypericaceae Cf Hypericum
clusiella_sp,Clusiella sp.,Clusiella Sp
coccoloba,Coccoloba,Coccoloba
coccoloba_type,Coccoloba-type,Coccoloba Type
cochlospermum,Cochlospermum,Cochlospermum
codia,Codia,Codia
colignonia,Colignonia,Colignonia
colignonia_type,Colignonia-type,Colignonia Type
collaea,Collaea,Collaea
colletia,Colletia,Colletia
colubrina,Colubrina,Colubrina
combretaceae,Combretaceae,Combretaceae
combretaceae_melastomataceae,Combretaceae/Melastomataceae,Combretaceae Melastomataceae
combretaceae_melastomataceae_type,Combretaceae/Melastomataceae-type,Combretaceae Melastomataceae-Type
combretaceae_melastomataceae_undiff,Combretaceae/Melastomataceae undiff.,Combretaceae Melastomataceae Undiff
combretum,Combretum,Combretum
combretum_type,Combretum-type,Combretum Type
commiphora,Commiphora,Commiphora
coniferae_saccate,Coniferae (saccate),Coniferae Saccate)
coniferae_undiff,Coniferae undiff.,Coniferae Undiff
connaraceae,Connaraceae,Connaraceae
connarus,Connarus,Connarus
connarus_type,Connarus-type,Connarus Type
conocarpus,Conocarpus,Conocarpus
conocarpus_erectus,Conocarpus erectus,Conocarpus Erectus
copaifera,Copaifera,Copaifera
copaifera_aff_c_coriacea,Copaifera aff. C. coriacea,Copaifera Aff c Coriacea
copaifera_type,Copaifera-type,Copaifera Type
cordia,Cordia,Cordia
cordia_cf_c_bicolor,Cordia cf. C. bicolor,Cordia Cf c Bicolor
cordia_cylindrostachya,Cordia cylindrostachya,Cordia Cylindrostachya
cordia_cylindrostachya_type,Cordia cylindrostachya-type,Cordia Cylindrostachya-Type
cordia_gerascanthus_type,Cordia gerascanthus-type,Cordia Gerascanthus-Type
cordia_type_1,Cordia (type 1),Cordia Type 1)
cordia_type_2,Cordia (type 2),Cordia Type 2)
cordyline,Cordyline,Cordyline
coriaria,Coriaria,Coriaria
cornus,Cornus,Cornus
corylus_avellana,Corylus avellana,Corylus Avellana
couepia,Couepia,Couepia
couepia_sp,Couepia sp.,Couepia Sp
couratari,Couratari,Couratari
coussapoa,Coussapoa,Coussapoa
coutarea,Coutarea,Coutarea
crescentia,Crescentia,Crescentia
cressa,Cressa,Cressa
crossopetalum,Crossopetalum,Crossopetalum
croton,Croton,Croton
croton_sect_julocroton,Croton sect. Julocroton,Croton Sect Julocroton
croton_type,Croton-type,Croton Type
croton_type_i,Croton-type I,Croton Type i
croton_type_ii,Croton-type II,Croton Type Ii
croton_type_iii,Croton-type III,Croton Type Iii
croton_undiff,Croton undiff.,Croton Undiff
crudia_amazonica,Crudia amazonica,Crudia Amazonica
cryosophila,Cryosophila,Cryosophila
cryptocarpus,Cryptocarpus,Cryptocarpus
cunoniaceae,Cunoniaceae,Cunoniaceae
cunoniaceae_cf_weinmannia,Cunoniaceae cf. Weinmannia,Cunoniaceae Cf Weinmannia
cupania,Cupania,Cupania
cupania_type_1,Cupania (type 1),Cupania Type 1)
cupania_type_2,Cupania (type 2),Cupania Type 2)
cupania_type_3,Cupania (type 3),Cupania Type 3)
cupressaceae,Cupressaceae,Cupressaceae
curatella,Curatella,Curatella
curatella_americana,Curatella americana,Curatella Americana
curatella_americana_type_1,Curatella americana (type 1),Curatella Americana(Type 1)
curatella_americana_type_2,Curatella americana (type 2),Curatella Americana(Type 2)
curatella_americana_type_3,Curatella americana (type 3),Curatella Americana(Type 3)
curatella_type,Curatella-type,Curatella Type
cybianthus,Cybianthus,Cybianthus
cybianthus_type,Cybianthus-type,Cybianthus Type
cynodendron,Cynodendron,Cynodendron
cyrilla_racemiflora,Cyrilla racemiflora,Cyrilla Racemiflora
cyrilla_sp,Cyrilla sp.,Cyrilla Sp
dacrydium,Dacrydium,Dacrydium
dacrydium_type,Dacrydium-type,Dacrydium Type
dacryodes,Dacryodes,Dacryodes
dalbergia,Dalbergia,Dalbergia
dalbergia_type,Dalbergia-type,Dalbergia Type
dalbergia_type_1,Dalbergia (type 1),Dalbergia Type 1)
dalbergia_type_2,Dalbergia (type 2),Dalbergia Type 2)
dalechampia,Dalechampia,Dalechampia
dalechampia_type,Dalechampia-type,Dalechampia Type
daphnopsis,Daphnopsis,Daphnopsis
daphnopsis_cf_d_beta,Daphnopsis cf. D. beta,Daphnopsis Cf d Beta
dendrobangia,Dendrobangia,Dendrobangia
desfontainia,Desfontainia,Desfontainia
desmoncus,Desmoncus,Desmoncus
diatenopteryx,Diatenopteryx,Diatenopteryx
dictyocaryum,Dictyocaryum,Dictyocaryum
didymopanax,Didymopanax,Didymopanax
didymopanax_distractiflorus_vinosus,Didymopanax distractiflorus/vinosus,Didymopanax Distractiflorus/Vinosus
didymopanax_excluding_schefflera,Didymopanax (excluding Schefflera),Didymopanax Excluding Schefflera)
didymopanax_type,Didymopanax-type,Didymopanax Type
dilleniaceae,Dilleniaceae,Dilleniaceae
dinizia,Dinizia,Dinizia
dioclea,Dioclea,Dioclea
dioclea_type,Dioclea-type,Dioclea Type
dioicodendron,Dioicodendron,Dioicodendron
diospyros,Diospyros,Diospyros
diploon,Diploon,Diploon
dipteryx,Dipteryx,Dipteryx
dipteryx_sp,Dipteryx sp.,Dipteryx Sp
discaria,Discaria,Discaria
dodonaea,Dodonaea,Dodonaea
dodonaea_reticulate,Dodonaea (reticulate),Dodonaea Reticulate)
dodonaea_type,Dodonaea-type,Dodonaea Type
dodonaea_viscosa,Dodonaea viscosa,Dodonaea Viscosa
doliocarpus,Doliocarpus,Doliocarpus
drapetes,Drapetes,Drapetes
drimys,Drimys,Drimys
drimys_brasiliensis,Drimys brasiliensis,Drimys Brasiliensis
drimys_winteri,Drimys winteri,Drimys Winteri
drimys_winteri_type,Drimys winteri-type,Drimys Winteri-Type
drypetes,Drypetes,Drypetes
duroia,Duroia,Duroia
echites,Echites,Echites
elaeagia_type,Elaeagia-type,Elaeagia Type
elaeocarpaceae,Elaeocarpaceae,Elaeocarpaceae
elaeocarpaceae_cf_sloanea,Elaeocarpaceae cf. Sloanea,Elaeocarpaceae Cf Sloanea
elaeocarpaceae_type_1,Elaeocarpaceae (type 1),Elaeocarpaceae Type 1)
elaeocarpaceae_undiff,Elaeocarpaceae undiff.,Elaeocarpaceae Undiff
elaeoluma,Elaeoluma,Elaeoluma
elaeoluma_aff_e_nuda,Elaeoluma aff. E. nuda,Elaeoluma Aff e Nuda
elaeoluma_glabrescens,Elaeoluma glabrescens,Elaeoluma Glabrescens
elytropus,Elytropus,Elytropus
embothrium,Embothrium,Embothrium
embothrium_coccineum,Embothrium coccineum,Embothrium Coccineum
emmotum,Emmotum,Emmotum
empetrum,Empetrum,Empetrum
empetrum_type,Empetrum-type,Empetrum Type
encelia,Encelia,Encelia
endopleura,Endopleura,Endopleura
entada,Entada,Entada
ephedra,Ephedra,Ephedra
ephedra_cf_e_tweediana,Ephedra cf. E. tweediana,Ephedra Cf e Tweediana
ephedra_chilensis,Ephedra chilensis,Ephedra Chilensis
ephedra_fragilis_type,Ephedra fragilis-type,Ephedra Fragilis-Type
ephedra_undiff,Ephedra undiff.,Ephedra Undiff
ericaceae,Ericaceae,Ericaceae
ericaceae_psilate_35_minus_40_mu_m,"Ericaceae (psilate, 35-40 µm)","Ericaceae Psilate,35-40 Mm)"
ericaceae_scabrate_40_minus_50_mu_m,"Ericaceae (scabrate, 40-50 µm)","Ericaceae Scabrate,40-50 Mm)"
ericaceae_type_1,Ericaceae (type 1),Ericaceae Type 1)
ericaceae_type_2,Ericaceae (type 2),Ericaceae Type 2)
ericaceae_type_3,Ericaceae (type 3),Ericaceae Type 3)
ericaceae_undiff,Ericaceae undiff.,Ericaceae Undiff
ericaceae_verrucate_35_mu_m,"Ericaceae (verrucate, 35 µm)","Ericaceae Verrucate,35 Mm)"
eriotheca,Eriotheca,Eriotheca
eriotheca_type,Eriotheca-type,Eriotheca Type
erisma,Erisma,Erisma
erithalis,Erithalis,Erithalis
ernodea,Ernodea,Ernodea
erythrina,Erythrina,Erythrina
erythroxylaceae,Erythroxylaceae,Erythroxylaceae
erythroxylum,Erythroxylum,Erythroxylum
erythroxylum_citrifolium_suberosum_type_3,Erythroxylum citrifolium/suberosum (type 3),Erythroxylum Citrifolium/Suberosum(Type 3)
erythroxylum_citrifolium_type_2,Erythroxylum citrifolium (type 2),Erythroxylum Citrifolium(Type 2)
erythroxylum_type_1,Erythroxylum (type 1),Erythroxylum Type 1)
erythroxylum_type_2,Erythroxylum (type 2),Erythroxylum Type 2)
erythroxylum_type_4,Erythroxylum (type 4),Erythroxylum Type 4)
erythroxylum_type_a,Erythroxylum (type A),Erythroxylum Type a)
erythroxylum_type_b,Erythroxylum (type B),Erythroxylum Type b)
escallonia,Escallonia,Escallonia
escallonia_myrtoidea,Escallonia myrtoidea,Escallonia Myrtoidea
escallonia_primulaceae_subf_myrsinoideae,Escallonia/Primulaceae subf. Myrsinoideae,Escallonia Primulaceae Subf Myrsinoideae
escallonia_type,Escallonia-type,Escallonia Type
escallonia_undiff,Escallonia undiff.,Escallonia Undiff
escalloniaceae,Escalloniaceae,Escalloniaceae
eschweilera,Eschweilera,Eschweilera
esenbeckia,Esenbeckia,Esenbeckia
eucalyptus,Eucalyptus,Eucalyptus
eucryphia,Eucryphia,Eucryphia
eucryphia_caldcluvia,Eucryphia/Caldcluvia,Eucryphia Caldcluvia
eucryphia_caldcluvia_paniculata,Eucryphia/Caldcluvia paniculata,Eucryphia Caldcluvia Paniculata
eucryphia_type,Eucryphia-type,Eucryphia Type
eugenia,Eugenia,Eugenia
eugenia_type,Eugenia-type,Eugenia Type
eugenia_type_1,Eugenia (type 1),Eugenia Type 1)
euphorbiaceae_cf_mabea,Euphorbiaceae cf. Mabea,Euphorbiaceae Cf Mabea
euphorbiaceae_cf_sapium,Euphorbiaceae cf. Sapium,Euphorbiaceae Cf Sapium
euplassa,Euplassa,Euplassa
euterpe,Euterpe,Euterpe
euterpe_geonoma,Euterpe/Geonoma,Euterpe Geonoma
euterpe_geonoma_type,Euterpe/Geonoma-type,Euterpe Geonoma-Type
euterpe_type,Euterpe-type,Euterpe Type
euterpe_type_1,Euterpe (type 1),Euterpe Type 1)
euterpe_type_2,Euterpe (type 2),Euterpe Type 2)
exostema,Exostema,Exostema
exothea,Exothea,Exothea
fabaceae_cf_parkinsonia,Fabaceae cf. Parkinsonia,Fabaceae Cf Parkinsonia
fabiana,Fabiana,Fabiana
fagales_cf_nothofagus,Fagales cf. Nothofagus,Fagales Cf Nothofagus
fagus,Fagus,Fagus
faramea,Faramea,Faramea
faramea_type,Faramea-type,Faramea Type
ferdinandusa,Ferdinandusa,Ferdinandusa
ficus,Ficus,Ficus
ficus_sp,Ficus sp.,Ficus Sp
ficus_type,Ficus-type,Ficus Type
ficus_type_1,Ficus (type 1),Ficus Type 1)
ficus_type_2,Ficus (type 2),Ficus Type 2)
forsteronia,Forsteronia,Forsteronia
forsteronia_type,Forsteronia-type,Forsteronia Type
fraxinus,Fraxinus,Fraxinus
froesiodendron,Froesiodendron,Froesiodendron
fuchsia,Fuchsia,Fuchsia
fuchsia_regia,Fuchsia regia,Fuchsia Regia
fuchsia_type,Fuchsia-type,Fuchsia Type
gaiadendron,Gaiadendron,Gaiadendron
gaiadendron_punctate,Gaiadendron (punctate),Gaiadendron Punctate)
gallesia,Gallesia,Gallesia
garcinia,Garcinia,Garcinia
garrya,Garrya,Garrya
gaultheria,Gaultheria,Gaultheria
gaultheria_ulei,Gaultheria ulei,Gaultheria Ulei
genipa,Genipa,Genipa
genipa_type,Genipa-type,Genipa Type
geonoma,Geonoma,Geonoma
gevuina,Gevuina,Gevuina
glycydendron,Glycydendron,Glycydendron
gochnatia,Gochnatia,Gochnatia
godoya,Godoya,Godoya
gomortega_keule,Gomortega keule,Gomortega Keule
gonocalyx,Gonocalyx,Gonocalyx
gordonia,Gordonia,Gordonia
gordonia_fruticosa,Gordonia fruticosa,Gordonia Fruticosa
gordonia_laplacea,Gordonia/Laplacea,Gordonia Laplacea
gordonia_type_2,Gordonia (type 2),Gordonia Type 2)
gossypium,Gossypium,Gossypium
gouania,Gouania,Gouania
griselinia,Griselinia,Griselinia
griselinia_cf_g_ruscifolia,Griselinia cf. G. ruscifolia,Griselinia Cf g Ruscifolia
guaiacum,Guaiacum,Guaiacum
guapira,Guapira,Guapira
guarea,Guarea,Guarea
guarea_type,Guarea-type,Guarea Type
guatteria,Guatteria,Guatteria
guazuma,Guazuma,Guazuma
guettarda,Guettarda,Guettarda
guettarda_combsii,Guettarda combsii,Guettarda Combsii
guettarda_type,Guettarda-type,Guettarda Type
gustavia,Gustavia,Gustavia
gustavia_type_1,Gustavia (type 1),Gustavia Type 1)
gustavia_type_2,Gustavia (type 2),Gustavia Type 2)
gymnanthes,Gymnanthes,Gymnanthes
haematoxylum,Haematoxylum,Haematoxylum
hampea_trilobata,Hampea trilobata,Hampea Trilobata
havardia,Havardia,Havardia
hedyosmum,Hedyosmum,Hedyosmum
hedyosmum_brasiliense,Hedyosmum brasiliense,Hedyosmum Brasiliense
hedyotis,Hedyotis,Hedyotis
heisteria,Heisteria,Heisteria
helicostylis,Helicostylis,Helicostylis
helicteres,Helicteres,Helicteres
helicteres_type_1,Helicteres (type 1),Helicteres Type 1)
heliocarpus,Heliocarpus,Heliocarpus
heliocarpus_americanus,Heliocarpus americanus,Heliocarpus Americanus
herrania,Herrania,Herrania
heteropterys,Heteropterys,Heteropterys
hevea,Hevea,Hevea
hieronyma,Hieronyma,Hieronyma
hieronyma_type,Hieronyma-type,Hieronyma Type
hieronyma_type_1,Hieronyma (type 1),Hieronyma Type 1)
hieronyma_type_2,Hieronyma (type 2),Hieronyma Type 2)
hieronyma_type_3,Hieronyma (type 3),Hieronyma Type 3)
hieronyma_type_ii,Hieronyma (type II),Hieronyma Type Ii)
hieronyma_undiff,Hieronyma undiff.,Hieronyma Undiff
himatanthus,Himatanthus,Himatanthus
hippocratea,Hippocratea,Hippocratea
hippomane,Hippomane,Hippomane
hiraea,Hiraea,Hiraea
hirtella,Hirtella,Hirtella
holodiscus,Holodiscus,Holodiscus
humiria,Humiria,Humiria
humiriaceae,Humiriaceae,Humiriaceae
hura,Hura,Hura
hydrangea,Hydrangea,Hydrangea
hydrangeaceae,Hydrangeaceae,Hydrangeaceae
hydrogaster,Hydrogaster,Hydrogaster
hymenaea,Hymenaea,Hymenaea
hymenaea_type,Hymenaea-type,Hymenaea Type
hyptis,Hyptis,Hyptis
hyptis_type,Hyptis-type,Hyptis Type
ilex,Ilex,Ilex
inga,Inga,Inga
inga_sp,Inga sp.,Inga Sp
iriartea,Iriartea,Iriartea
iriartea_deltoidea,Iriartea deltoidea,Iriartea Deltoidea
iriartea_type,Iriartea-type,Iriartea Type
iriartella,Iriartella,Iriartella
iryanthera,Iryanthera,Iryanthera
isertia,Isertia,Isertia
ixora,Ixora,Ixora
jacaranda,Jacaranda,Jacaranda
jacaranda_type_2,Jacaranda (type 2),Jacaranda Type 2)
jatropha,Jatropha,Jatropha
joosia,Joosia,Joosia
juglandaceae,Juglandaceae,Juglandaceae
juglans,Juglans,Juglans
juniperus,Juniperus,Juniperus
juniperus_type,Juniperus-type,Juniperus Type
labatia,Labatia,Labatia
lacistema,Lacistema,Lacistema
lacmellea,Lacmellea,Lacmellea
lacmellea_sp,Lacmellea sp.,Lacmellea Sp
lacmellea_type,Lacmellea-type,Lacmellea Type
laetia_aff_l_coriacea,Laetia aff. L. coriacea,Laetia Aff l Coriacea
lafoensia,Lafoensia,Lafoensia
laguncularia,Laguncularia,Laguncularia
laguncularia_racemosa,Laguncularia racemosa,Laguncularia Racemosa
lamanonia,Lamanonia,Lamanonia
lamanonia_cf_l_speciosa,Lamanonia cf. L. speciosa,Lamanonia Cf l Speciosa
lauraceae,Lauraceae,Lauraceae
lauraceae_cf_aniba,Lauraceae cf. Aniba,Lauraceae Cf Aniba
laurelia,Laurelia,Laurelia
lecythidaceae,Lecythidaceae,Lecythidaceae
lepidocaryum_type,Lepidocaryum-type,Lepidocaryum Type
lepidoceras,Lepidoceras,Lepidoceras
lepidothamnus_fonkii,Lepidothamnus fonkii,Lepidothamnus Fonkii
leretia,Leretia,Leretia
leucaena,Leucaena,Leucaena
licania,Licania,Licania
liquidambar,Liquidambar,Liquidambar
lithocarpus,Lithocarpus,Lithocarpus
lithraea,Lithraea,Lithraea
loganiaceae,Loganiaceae,Loganiaceae
lomatia,Lomatia,Lomatia
lomatia_gevuina,Lomatia/Gevuina,Lomatia Gevuina
lonchocarpus,Lonchocarpus,Lonchocarpus
longetia,Longetia,Longetia
loranthaceae,Loranthaceae,Loranthaceae
loranthaceae_cf_tristerix,Loranthaceae cf. Tristerix,Loranthaceae Cf Tristerix
loranthaceae_type_1,Loranthaceae (type 1),Loranthaceae Type 1)
loranthaceae_type_2,Loranthaceae (type 2),Loranthaceae Type 2)
loranthaceae_undiff,Loranthaceae undiff.,Loranthaceae Undiff
loxopterygium,Loxopterygium,Loxopterygium
luehea,Luehea,Luehea
luehea_type,Luehea-type,Luehea Type
lueheopsis,Lueheopsis,Lueheopsis
luetzelburgia,Luetzelburgia,Luetzelburgia
lundia,Lundia,Lundia
lundia_sp,Lundia sp.,Lundia Sp
lythraceae_type_1,Lythraceae (type 1),Lythraceae Type 1)
mabea,Mabea,Mabea
mabea_gunnera,Mabea/Gunnera,Mabea Gunnera
mabea_type,Mabea-type,Mabea Type
mabea_type_1,Mabea (type 1),Mabea Type 1)
mabea_type_2,Mabea (type 2),Mabea Type 2)
machaerium,Machaerium,Machaerium
machaerium_byrsonima_type_1,Machaerium/Byrsonima (type 1),Machaerium Byrsonima(Type 1)
machaerium_byrsonima_type_2,Machaerium/Byrsonima (type 2),Machaerium Byrsonima(Type 2)
machaerium_byrsonima_type_3,Machaerium/Byrsonima (type 3),Machaerium Byrsonima(Type 3)
machaerium_dalbergia,Machaerium/Dalbergia,Machaerium Dalbergia
machaerium_dalbergia_byrsonima,Machaerium/Dalbergia/Byrsonima,Machaerium Dalbergia/Byrsonima
machaerium_type,Machaerium-type,Machaerium Type
machaerium_type_2,Machaerium (type 2),Machaerium Type 2)
macoubea,Macoubea,Macoubea
macrocarpaea,Macrocarpaea,Macrocarpaea
macrolobium,Macrolobium,Macrolobium
macrolobium_type,Macrolobium-type,Macrolobium Type
magonia,Magonia,Magonia
magonia_pubescens,Magonia pubescens,Magonia Pubescens
malanea,Malanea,Malanea
malouetia,Malouetia,Malouetia
malouetia_aff_m_guatemalensis,Malouetia aff. M. guatemalensis,Malouetia Aff m Guatemalensis
malouetia_type,Malouetia-type,Malouetia Type
malpighiaceae,Malpighiaceae,Malpighiaceae
malpighiaceae_cf_gaudichaudia,Malpighiaceae cf. Gaudichaudia,Malpighiaceae Cf Gaudichaudia
malpighiaceae_cf_tetrapterys,Malpighiaceae cf. Tetrapterys,Malpighiaceae Cf Tetrapterys
malpighiaceae_type,Malpighiaceae-type,Malpighiaceae Type
malpighiaceae_type_a,Malpighiaceae (type A),Malpighiaceae Type a)
malpighiaceae_type_b,Malpighiaceae (type B),Malpighiaceae Type b)
malpighiaceae_type_c,Malpighiaceae (type C),Malpighiaceae Type c)
malpighiaceae_type_d,Malpighiaceae (type D),Malpighiaceae Type d)
malpighiaceae_type_e,Malpighiaceae (type E),Malpighiaceae Type e)
malpighiaceae_undiff,Malpighiaceae undiff.,Malpighiaceae Undiff
mandevilla,Mandevilla,Mandevilla
manilkara,Manilkara,Manilkara
mansoa,Mansoa,Mansoa
maprounea,Maprounea,Maprounea
maprounea_type,Maprounea-type,Maprounea Type
maquira,Maquira,Maquira
maquira_type,Maquira-type,Maquira Type
maracanthus,Maracanthus,Maracanthus
marcgraviaceae,Marcgraviaceae,Marcgraviaceae
marcgraviaceae_type,Marcgraviaceae-type,Marcgraviaceae Type
marila,Marila,Marila
marila_type,Marila-type,Marila Type
maripa,Maripa,Maripa
mascagnia,Mascagnia,Mascagnia
matayba,Matayba,Matayba
matayba_cupania_type_a,Matayba/Cupania (type A),Matayba Cupania(Type a)
matayba_cupania_type_b,Matayba/Cupania (type B),Matayba Cupania(Type b)
matayba_cupania_type_c,Matayba/Cupania (type C),Matayba Cupania(Type c)
matayba_cupania_type_e,Matayba/Cupania (type E),Matayba Cupania(Type e)
matayba_type,Matayba-type,Matayba Type
matisia,Matisia,Matisia
mauritia,Mauritia,Mauritia
mauritia_aff_m_flexuosa,Mauritia aff. M. flexuosa,Mauritia Aff m Flexuosa
mauritia_flexuosa,Mauritia flexuosa,Mauritia Flexuosa
mauritia_mauritiella,Mauritia/Mauritiella,Mauritia Mauritiella
mauritia_mauritiella_type,Mauritia/Mauritiella-type,Mauritia Mauritiella-Type
mauritia_type,Mauritia-type,Mauritia Type
mauritiella,Mauritiella,Mauritiella
mauritiella_type,Mauritiella-type,Mauritiella Type
maytenus,Maytenus,Maytenus
maytenus_boaria_type,Maytenus boaria-type,Maytenus Boaria-Type
maytenus_disticha_type,Maytenus disticha-type,Maytenus Disticha-Type
maytenus_magellanica_type,Maytenus magellanica-type,Maytenus Magellanica-Type
melastomataceae,Melastomataceae,Melastomataceae
melastomataceae_19_mu_m,Melastomataceae (≥19 µm),Melastomataceae 19 Mm)
melastomataceae_19_mu_m_2,Melastomataceae (≤19 µm),Melastomataceae 19 Mm)
melastomataceae_type_1,Melastomataceae (type 1),Melastomataceae Type 1)
melastomataceae_type_2,Melastomataceae (type 2),Melastomataceae Type 2)
melastomataceae_undiff,Melastomataceae undiff.,Melastomataceae Undiff
melia,Melia,Melia
meliaceae,Meliaceae,Meliaceae
meliaceae_sapotaceae,Meliaceae/Sapotaceae,Meliaceae Sapotaceae
meliaceae_sapotaceae_type_a,Meliaceae/Sapotaceae (type A),Meliaceae Sapotaceae(Type a)
meliaceae_sapotaceae_type_b,Meliaceae/Sapotaceae (type B),Meliaceae Sapotaceae(Type b)
meliaceae_sapotaceae_undiff,Meliaceae/Sapotaceae undiff.,Meliaceae Sapotaceae Undiff
meliaceae_type_1,Meliaceae (type 1),Meliaceae Type 1)
meliaceae_undiff,Meliaceae undiff.,Meliaceae Undiff
meliosma,Meliosma,Meliosma
meliosma_coccoloba,Meliosma/Coccoloba,Meliosma Coccoloba
melochia_type,Melochia-type,Melochia Type
mendoncia,Mendoncia,Mendoncia
metopium,Metopium,Metopium
metopium_brownei,Metopium brownei,Metopium Brownei
metrodorea,Metrodorea,Metrodorea
miconia,Miconia,Miconia
miconia_type,Miconia-type,Miconia Type
micropholis,Micropholis,Micropholis
mimosa,Mimosa,Mimosa
mimosa_cf_m_invisa,Mimosa cf. M. invisa,Mimosa Cf m Invisa
mimosa_cf_m_pudica,Mimosa cf. M. pudica,Mimosa Cf m Pudica
mimosa_cf_m_scabrella,Mimosa cf. M. scabrella,Mimosa Cf m Scabrella
mimosa_cf_m_taimbensis,Mimosa cf. M. taimbensis,Mimosa Cf m Taimbensis
mimosa_extensa,Mimosa extensa,Mimosa Extensa
mimosa_pudica_type,Mimosa pudica-type,Mimosa Pudica-Type
mimosa_spp,Mimosa spp.,Mimosa Spp
mimosa_type_1,Mimosa (type 1),Mimosa Type 1)
mimosa_type_i,Mimosa (type I),Mimosa Type i)
mimosa_type_ii,Mimosa (type II),Mimosa Type Ii)
mimosa_type_iii,Mimosa (type III),Mimosa Type Iii)
mimosa_type_iv,Mimosa (type IV),Mimosa Type Iv)
mimosa_type_v,Mimosa (type V),Mimosa Type v)
mimosa_undiff,Mimosa undiff.,Mimosa Undiff
mimosoid_clade,mimosoid clade,Mimosoid Clade
mimosoid_clade_16_minus_porate_scabrate,"mimosoid clade (16-porate, scabrate)","Mimosoid Clade(16-Porate,Scabrate)"
mimosoid_clade_16_minus_porate_verrucate,"mimosoid clade (16-porate, verrucate)","Mimosoid Clade(16-Porate,Verrucate)"
mimosoid_clade_8_minus_porate,mimosoid clade (8-porate),Mimosoid Clade(8-Porate)
mimosoid_clade_indeterminable,mimosoid clade (indeterminable),Mimosoid Clade(Indeterminable)
mimosoid_clade_polyad,mimosoid clade (polyad),Mimosoid Clade(Polyad)
mimosoid_clade_polyad_type_16,"mimosoid clade (polyad, type 16)","Mimosoid Clade(Polyad,Type 16)"
mimosoid_clade_polyad_type_8,"mimosoid clade (polyad, type 8)","Mimosoid Clade(Polyad,Type 8)"
mimosoid_clade_scabrate,mimosoid clade (scabrate),Mimosoid Clade(Scabrate)
mimosoid_clade_tetrad,mimosoid clade (tetrad),Mimosoid Clade(Tetrad)
mimosoid_clade_tetraporate_psilate_small,"mimosoid clade (tetraporate, psilate, small)","Mimosoid Clade(Tetraporate,Psilate,Small)"
mimosoid_clade_type_i,mimosoid clade (type I),Mimosoid Clade(Type i)
mimosoid_clade_type_i_small,"mimosoid clade (type I, small)","Mimosoid Clade(Type i,Small)"
mimosoid_clade_type_ii,mimosoid clade (type II),Mimosoid Clade(Type Ii)
mimosoid_clade_type_ii_cf_acacia,"mimosoid clade (type II, cf. Acacia)","Mimosoid Clade(Type Ii,Cf Acacia)"
mimosoid_clade_type_ii_large,"mimosoid clade (type II, large)","Mimosoid Clade(Type Ii,Large)"
mimosoid_clade_undiff,mimosoid clade undiff.,Mimosoid Clade Undiff
minquartia,Minquartia,Minquartia
misodendrum,Misodendrum,Misodendrum
molongum,Molongum,Molongum
molongum_type_1,Molongum (type 1),Molongum Type 1)
monimiaceae,Monimiaceae,Monimiaceae
moraceae,Moraceae,Moraceae
moraceae_cf_brosimum,Moraceae cf. Brosimum,Moraceae Cf Brosimum
moraceae_diporate,Moraceae (diporate),Moraceae Diporate)
moraceae_stephanoporate,Moraceae (stephanoporate),Moraceae Stephanoporate)
moraceae_triporate,Moraceae (triporate),Moraceae Triporate)
moraceae_undiff,Moraceae undiff.,Moraceae Undiff
morella_cerifera,Morella cerifera,Morella Cerifera
morella_myrica,Morella/Myrica,Morella Myrica
mortoniodendron,Mortoniodendron,Mortoniodendron
morus,Morus,Morus
muehlenbeckia,Muehlenbeckia,Muehlenbeckia
muehlenbeckia_type,Muehlenbeckia-type,Muehlenbeckia Type
muntingia,Muntingia,Muntingia
mutisia,Mutisia,Mutisia
mutisia_type,Mutisia-type,Mutisia Type
myracrodruon_urundeuva,Myracrodruon urundeuva,Myracrodruon Urundeuva
myracrodruon_urundeuva_type_2,Myracrodruon urundeuva (type 2),Myracrodruon Urundeuva(Type 2)
myrceugenia,Myrceugenia,Myrceugenia
myrcia_sp,Myrcia sp.,Myrcia Sp
myrcia_type,Myrcia-type,Myrcia Type
myrica,Myrica,Myrica
myricaceae,Myricaceae,Myricaceae
myristicaceae,Myristicaceae,Myristicaceae
myristicaceae_undiff,Myristicaceae undiff.,Myristicaceae Undiff
myrocarpus_aff_m_frondosus,Myrocarpus aff. M. frondosus,Myrocarpus Aff m Frondosus
myroxylon,Myroxylon,Myroxylon
myroxylon_type,Myroxylon-type,Myroxylon Type
myrsine,Myrsine,Myrsine
myrsine_sp,Myrsine sp.,Myrsine Sp
myrsine_tetracolpate,Myrsine (tetracolpate),Myrsine Tetracolpate)
myrsine_tricolporate,Myrsine (tricolporate),Myrsine Tricolporate)
myrsine_type,Myrsine-type,Myrsine Type
myrsinoideae_undiff,Myrsinoideae undiff.,Myrsinoideae Undiff
myrtaceae,Myrtaceae,Myrtaceae
myrtaceae_type,Myrtaceae-type,Myrtaceae Type
myrtaceae_type_2,Myrtaceae (type 2),Myrtaceae Type 2)
myrtaceae_type_a,Myrtaceae (type A),Myrtaceae Type a)
myrtaceae_type_b,Myrtaceae (type B),Myrtaceae Type b)
myrtaceae_type_c,Myrtaceae (type C),Myrtaceae Type c)
myrtaceae_type_d,Myrtaceae (type D),Myrtaceae Type d)
myrtaceae_undiff,Myrtaceae undiff.,Myrtaceae Undiff
myrteola,Myrteola,Myrteola
neea,Neea,Neea
norantea,Norantea,Norantea
nothofagus,Nothofagus,Nothofagus
nothofagus_alpina_type,Nothofagus × alpina-type,Nothofagus Alpina-Type
nothofagus_antarctica,Nothofagus antarctica,Nothofagus Antarctica
nothofagus_cf_n_dombeyi,Nothofagus cf. N. dombeyi,Nothofagus Cf n Dombeyi
nothofagus_dombeyi,Nothofagus dombeyi,Nothofagus Dombeyi
nothofagus_dombeyi_type,Nothofagus dombeyi-type,Nothofagus Dombeyi-Type
nothofagus_obliqua,Nothofagus obliqua,Nothofagus Obliqua
nothofagus_obliqua_type,Nothofagus obliqua-type,Nothofagus Obliqua-Type
nothofagus_pumilio,Nothofagus pumilio,Nothofagus Pumilio
nothofagus_undiff,Nothofagus undiff.,Nothofagus Undiff
ochnaceae,Ochnaceae,Ochnaceae
ochnaceae_cf_cespedesia,Ochnaceae cf. Cespedesia,Ochnaceae Cf Cespedesia
ochnaceae_cf_ouratea,Ochnaceae cf. Ouratea,Ochnaceae Cf Ouratea
ochroma,Ochroma,Ochroma
ochroma_type,Ochroma-type,Ochroma Type
ocotea_type,Ocotea-type,Ocotea Type
oenocarpus,Oenocarpus,Oenocarpus
olacaceae_undiff,Olacaceae undiff.,Olacaceae Undiff
opuntia,Opuntia,Opuntia
orchidaceae_tetrad,Orchidaceae (tetrad),Orchidaceae Tetrad)
oreopanax,Oreopanax,Oreopanax
oreopanax_cf_o_fulvum,Oreopanax cf. O. fulvum,Oreopanax Cf o Fulvum
oreopanax_type,Oreopanax-type,Oreopanax Type
oreopolus,Oreopolus,Oreopolus
ormosia,Ormosia,Ormosia
orthion,Orthion,Orthion
oryctanthus,Oryctanthus,Oryctanthus
oryctanthus_type,Oryctanthus-type,Oryctanthus Type
ostrya_carpinus,Ostrya/Carpinus,Ostrya Carpinus
ostrya_type,Ostrya-type,Ostrya Type
ouratea,Ouratea,Ouratea
ouratea_type,Ouratea-type,Ouratea Type
pachira,Pachira,Pachira
pachira_aquatica,Pachira aquatica,Pachira Aquatica
pachira_type,Pachira-type,Pachira Type
pagamea,Pagamea,Pagamea
palicourea,Palicourea,Palicourea
panopsis,Panopsis,Panopsis
parahancornia,Parahancornia,Parahancornia
parahancornia_sp,Parahancornia sp.,Parahancornia Sp
passiflora,Passiflora,Passiflora
passifloraceae,Passifloraceae,Passifloraceae
paullinia,Paullinia,Paullinia
paullinia_25_mu_m,Paullinia (25 µm),Paullinia 25 Mm)
paullinia_psilate_small,"Paullinia (psilate, small)","Paullinia Psilate,Small)"
paullinia_reticulate,Paullinia (reticulate),Paullinia Reticulate)
paullinia_roupala,Paullinia/Roupala,Paullinia Roupala
paullinia_tetraporate,Paullinia (tetraporate),Paullinia Tetraporate)
paullinia_type_ii,Paullinia (type II),Paullinia Type Ii)
peixotoa_type,Peixotoa-type,Peixotoa Type
peltogyne,Peltogyne,Peltogyne
pentaclethra,Pentaclethra,Pentaclethra
pera,Pera,Pera
pera_type,Pera-type,Pera Type
peritassa,Peritassa,Peritassa
phoradendron,Phoradendron,Phoradendron
phyllanthaceae,Phyllanthaceae,Phyllanthaceae
phyllostylon,Phyllostylon,Phyllostylon
phytelephas_type,Phytelephas-type,Phytelephas Type
picea,Picea,Picea
picea_abies,Picea abies,Picea Abies
pilgerodendron,Pilgerodendron,Pilgerodendron
pilgerodendron_type,Pilgerodendron-type,Pilgerodendron Type
pinaceae,Pinaceae,Pinaceae
pinus,Pinus,Pinus
pinus_podocarpus,Pinus/Podocarpus,Pinus Podocarpus
piper,Piper,Piper
piperaceae,Piperaceae,Piperaceae
piptadenia,Piptadenia,Piptadenia
piscidia,Piscidia,Piscidia
pisonia,Pisonia,Pisonia
pithecellobium,Pithecellobium,Pithecellobium
platanus,Platanus,Platanus
platymiscium,Platymiscium,Platymiscium
plenckia,Plenckia,Plenckia
plenckia_populnea,Plenckia populnea,Plenckia Populnea
pleonotoma,Pleonotoma,Pleonotoma
podocalyx,Podocalyx,Podocalyx
podocarpaceae,Podocarpaceae,Podocarpaceae
podocarpus,Podocarpus,Podocarpus
podocarpus_nubigenus,Podocarpus nubigenus,Podocarpus Nubigenus
podocarpus_salignus,Podocarpus salignus,Podocarpus Salignus
podocarpus_thin,Podocarpus (thin),Podocarpus Thin)
podocarpus_type_1,Podocarpus (type 1),Podocarpus Type 1)
podocarpus_type_2,Podocarpus (type 2),Podocarpus Type 2)
polylepis,Polylepis,Polylepis
polylepis_acaena,Polylepis/Acaena,Polylepis Acaena
populus,Populus,Populus
poraqueiba,Poraqueiba,Poraqueiba
posoqueria,Posoqueria,Posoqueria
posoqueria_latifolia,Posoqueria latifolia,Posoqueria Latifolia
pourouma,Pourouma,Pourouma
pourouma_sorocea_maclura,Pourouma/Sorocea/Maclura,Pourouma Sorocea/Maclura
pouteria,Pouteria,Pouteria
pouteria_aff_p_elegans,Pouteria aff. P. elegans,Pouteria Aff p Elegans
pouteria_guianensis,Pouteria guianensis,Pouteria Guianensis
pouteria_sp,Pouteria sp.,Pouteria Sp
pouzolzia_type,Pouzolzia-type,Pouzolzia Type
prestonia,Prestonia,Prestonia
prestonia_type,Prestonia-type,Prestonia Type
prosopis,Prosopis,Prosopis
proteaceae,Proteaceae,Proteaceae
proteaceae_cf_panopsis,Proteaceae cf. Panopsis,Proteaceae Cf Panopsis
proteaceae_reticulate,Proteaceae (reticulate),Proteaceae Reticulate)
proteaceae_type_1,Proteaceae (type 1),Proteaceae Type 1)
proteaceae_undiff,Proteaceae undiff.,Proteaceae Undiff
protium,Protium,Protium
protium_type,Protium-type,Protium Type
protium_type_a,Protium (type A),Protium Type a)
protium_type_b,Protium (type B),Protium Type b)
protium_type_i,Protium (type I),Protium Type i)
protium_type_ii,Protium (type II),Protium Type Ii)
protium_type_iii,Protium (type III),Protium Type Iii)
protium_undiff,Protium undiff.,Protium Undiff
prumnopitys_andina,Prumnopitys andina,Prumnopitys Andina
prunus,Prunus,Prunus
prunus_type,Prunus-type,Prunus Type
prunus_type_2,Prunus (type 2),Prunus Type 2)
pseudobombax,Pseudobombax,Pseudobombax
pseudobombax_type,Pseudobombax-type,Pseudobombax Type
pseudopanax,Pseudopanax,Pseudopanax
psidium,Psidium,Psidium
psidium_guajava,Psidium guajava,Psidium Guajava
psittacanthus,Psittacanthus,Psittacanthus
psychotria,Psychotria,Psychotria
psychotria_cf_p_carthagenensis,Psychotria cf. P. carthagenensis,Psychotria Cf p Carthagenensis
psychotria_type,Psychotria-type,Psychotria Type
psychotria_type_i,Psychotria (type I),Psychotria Type i)
psychotria_type_ii,Psychotria (type II),Psychotria Type Ii)
psychotria_undiff,Psychotria undiff.,Psychotria Undiff
pterandra,Pterandra,Pterandra
pterocarpus,Pterocarpus,Pterocarpus
pterogyne,Pterogyne,Pterogyne
qualea,Qualea,Qualea
quararibea,Quararibea,Quararibea
quercus,Quercus,Quercus
rachicallis,Rachicallis,Rachicallis
randia,Randia,Randia
rapanea,Rapanea,Rapanea
raukaua_laetevirens,Raukaua laetevirens,Raukaua Laetevirens
ravenea,Ravenea,Ravenea
rhamnaceae,Rhamnaceae,Rhamnaceae
rhamnaceae_cf_colubrina_glandulosa,Rhamnaceae cf. Colubrina glandulosa,Rhamnaceae Cf Colubrina Glandulosa
rhamnaceae_undiff,Rhamnaceae undiff.,Rhamnaceae Undiff
rhamnidium_elaeocarpum,Rhamnidium elaeocarpum,Rhamnidium Elaeocarpum
rhamnidium_type_1,Rhamnidium (type 1),Rhamnidium Type 1)
rhamnus,Rhamnus,Rhamnus
rhamnus_type,Rhamnus-type,Rhamnus Type
rhamnus_type_1,Rhamnus (type 1),Rhamnus Type 1)
rheedia,Rheedia,Rheedia
rhipsalis,Rhipsalis,Rhipsalis
rhizophora,Rhizophora,Rhizophora
rhizophora_mangle,Rhizophora mangle,Rhizophora Mangle
rhizophoraceae,Rhizophoraceae,Rhizophoraceae
rhus,Rhus,Rhus
ribes,Ribes,Ribes
richeria,Richeria,Richeria
rinorea,Rinorea,Rinorea
roupala,Roupala,Roupala
roupala_sp,Roupala sp.,Roupala Sp
roupala_type,Roupala-type,Roupala Type
ruagea,Ruagea,Ruagea
rubiaceae,Rubiaceae,Rubiaceae
rubiaceae_aff_alibertia,Rubiaceae aff. Alibertia,Rubiaceae Aff Alibertia
rubiaceae_cf_alibertia_type,Rubiaceae cf. Alibertia-type,Rubiaceae Cf Alibertia-Type
rubiaceae_cf_bertiera,Rubiaceae cf. Bertiera,Rubiaceae Cf Bertiera
rubiaceae_cf_cephaelis,Rubiaceae cf. Cephaëlis,Rubiaceae Cf Cephaelis
rubiaceae_cf_guettarda,Rubiaceae cf. Guettarda,Rubiaceae Cf Guettarda
rubiaceae_cf_hoffmannia,Rubiaceae cf. Hoffmannia,Rubiaceae Cf Hoffmannia
rubiaceae_cf_psychotria,Rubiaceae cf. Psychotria,Rubiaceae Cf Psychotria
rubiaceae_cf_sabicea,Rubiaceae cf. Sabicea,Rubiaceae Cf Sabicea
rubiaceae_cf_uncaria,Rubiaceae cf. Uncaria,Rubiaceae Cf Uncaria
rubiaceae_cf_warszewiczia,Rubiaceae cf. Warszewiczia,Rubiaceae Cf Warszewiczia
rubiaceae_mitracarpus_type,Rubiaceae: Mitracarpus-type,Rubiaceae Mitracarpus-Type
rubiaceae_pro_parte,Rubiaceae pro parte,Rubiaceae Pro Parte
rubiaceae_tocoyena_type,Rubiaceae: Tocoyena-type,Rubiaceae Tocoyena-Type
rubiaceae_type,Rubiaceae-type,Rubiaceae Type
rubiaceae_type_1,Rubiaceae (type 1),Rubiaceae Type 1)
rubiaceae_type_2,Rubiaceae (type 2),Rubiaceae Type 2)
rubiaceae_type_25,Rubiaceae (type 25),Rubiaceae Type 25)
rubiaceae_type_i,Rubiaceae (type I),Rubiaceae Type i)
rubiaceae_undiff,Rubiaceae undiff.,Rubiaceae Undiff
rubus,Rubus,Rubus
rubus_type,Rubus-type,Rubus Type
rutaceae,Rutaceae,Rutaceae
rutaceae_anacardiaceae,Rutaceae/Anacardiaceae,Rutaceae Anacardiaceae
rutaceae_undiff,Rutaceae undiff.,Rutaceae Undiff
ryania,Ryania,Ryania
sabal,Sabal,Sabal
sabiaceae,Sabiaceae,Sabiaceae
sabicea,Sabicea,Sabicea
sabicea_type,Sabicea-type,Sabicea Type
sacoglottis,Sacoglottis,Sacoglottis
salicaceae,Salicaceae,Salicaceae
salicaceae_cf_casearia,Salicaceae cf. Casearia,Salicaceae Cf Casearia
salicaceae_cf_casearia_guianensis,Salicaceae cf. Casearia guianensis,Salicaceae Cf Casearia Guianensis
salicaceae_cf_neoptychocarpus,Salicaceae cf. Neoptychocarpus,Salicaceae Cf Neoptychocarpus
salicaceae_undiff,Salicaceae undiff.,Salicaceae Undiff
salix,Salix,Salix
salix_humboldtiana,Salix humboldtiana,Salix Humboldtiana
salix_type,Salix-type,Salix Type
sambucus,Sambucus,Sambucus
sambucus_type,Sambucus-type,Sambucus Type
sapindaceae,Sapindaceae,Sapindaceae
sapindaceae_cf_matayba,Sapindaceae cf. Matayba,Sapindaceae Cf Matayba
sapindaceae_dodonaea_type,Sapindaceae: Dodonaea-type,Sapindaceae Dodonaea-Type
sapindaceae_type_1,Sapindaceae (type 1),Sapindaceae Type 1)
sapindaceae_type_a,Sapindaceae (type A),Sapindaceae Type a)
sapindaceae_undiff,Sapindaceae undiff.,Sapindaceae Undiff
sapium,Sapium,Sapium
sapium_type,Sapium-type,Sapium Type
sapium_type_1,Sapium (type 1),Sapium Type 1)
sapium_type_2,Sapium (type 2),Sapium Type 2)
sapotaceae,Sapotaceae,Sapotaceae
sapotaceae_cf_chrysophyllum,Sapotaceae cf. Chrysophyllum,Sapotaceae Cf Chrysophyllum
sapotaceae_type,Sapotaceae-type,Sapotaceae Type
sapotaceae_type_1,Sapotaceae (type 1),Sapotaceae Type 1)
sapotaceae_type_a,Sapotaceae (type A),Sapotaceae Type a)
sapotaceae_type_i,Sapotaceae (type I),Sapotaceae Type i)
sapotaceae_type_ii,Sapotaceae (type II),Sapotaceae Type Ii)
sapotaceae_undiff,Sapotaceae undiff.,Sapotaceae Undiff
sarcaulus_sp,Sarcaulus sp.,Sarcaulus Sp
sarcopera,Sarcopera,Sarcopera
saurauia,Saurauia,Saurauia
saxegothaea,Saxegothaea,Saxegothaea
saxegothaea_conspicua,Saxegothaea conspicua,Saxegothaea Conspicua
scheelea,Scheelea,Scheelea
scheelea_type,Scheelea-type,Scheelea Type
schefflera,Schefflera,Schefflera
schinopsis,Schinopsis,Schinopsis
schinus,Schinus,Schinus
schinus_type,Schinus-type,Schinus Type
schizolobium,Schizolobium,Schizolobium
schizolobium_parahyba,Schizolobium parahyba,Schizolobium Parahyba
schizolobium_sp,Schizolobium sp.,Schizolobium Sp
schnella_cf_s_reflexa,Schnella cf. S. reflexa,Schnella Cf s Reflexa
schnella_reflexa_type,Schnella reflexa-type,Schnella Reflexa-Type
scleronema,Scleronema,Scleronema
scutia,Scutia,Scutia
sebastiania,Sebastiania,Sebastiania
sebastiania_brasiliensis,Sebastiania brasiliensis,Sebastiania Brasiliensis
sebastiania_cf_s_schottiana,Sebastiania cf. S. schottiana,Sebastiania Cf s Schottiana
sebastiania_commersoniana,Sebastiania commersoniana,Sebastiania Commersoniana
sebastiania_type_1,Sebastiania (type 1),Sebastiania Type 1)
sebastiania_undiff,Sebastiania undiff.,Sebastiania Undiff
secondatia_type_2,Secondatia (type 2),Secondatia Type 2)
senefeldera,Senefeldera,Senefeldera
senna,Senna,Senna
senna_multijuga,Senna multijuga,Senna Multijuga
senna_type_1,Senna (type 1),Senna Type 1)
senna_type_4,Senna (type 4),Senna Type 4)
senna_undiff,Senna undiff.,Senna Undiff
serjania,Serjania,Serjania
serjania_type_d,Serjania (type D),Serjania Type d)
sesuvium,Sesuvium,Sesuvium
simarouba,Simarouba,Simarouba
simarouba_amara,Simarouba amara,Simarouba Amara
simaroubaceae,Simaroubaceae,Simaroubaceae
simira,Simira,Simira
siparuna,Siparuna,Siparuna
siparuna_type,Siparuna-type,Siparuna Type
sloanea,Sloanea,Sloanea
sloanea_floribunda,Sloanea (floribunda),Sloanea Floribunda)
sloanea_stipitata,Sloanea stipitata,Sloanea Stipitata
sloanea_type,Sloanea-type,Sloanea Type
sloanea_type_2,Sloanea (type 2),Sloanea Type 2)
sloanea_undiff,Sloanea undiff.,Sloanea Undiff
socratea,Socratea,Socratea
socratea_type,Socratea-type,Socratea Type
souroubea,Souroubea,Souroubea
spermatophyta_undiff_trees,Spermatophyta undiff. (trees),Spermatophyta Undiff(Trees)
spirotheca,Spirotheca,Spirotheca
spondias,Spondias,Spondias
spondias_mombin,Spondias mombin,Spondias Mombin
spondias_type,Spondias-type,Spondias Type
spondias_type_20,Spondias (type 20),Spondias Type 20)
spondias_type_25,Spondias (type 25),Spondias Type 25)
spondias_type_32,Spondias (type 32),Spondias Type 32)
spondias_type_40,Spondias (type 40),Spondias Type 40)
spondias_type_ii,Spondias (type II),Spondias Type Ii)
spondias_undiff,Spondias undiff.,Spondias Undiff
stemonurus,Stemonurus,Stemonurus
sterculia,Sterculia,Sterculia
sterculioideae,Sterculioideae,Sterculioideae
sterculioideae_undiff,Sterculioideae undiff.,Sterculioideae Undiff
strumpfia,Strumpfia,Strumpfia
struthanthus,Struthanthus,Struthanthus
struthanthus_sp,Struthanthus sp.,Struthanthus Sp
strychnos,Strychnos,Strychnos
stryphnodendron,Stryphnodendron,Stryphnodendron
styloceras,Styloceras,Styloceras
stylogyne,Stylogyne,Stylogyne
styrax,Styrax,Styrax
styrax_type,Styrax-type,Styrax Type
swartzia,Swartzia,Swartzia
swietenia,Swietenia,Swietenia
syagrus,Syagrus,Syagrus
syagrus_type,Syagrus-type,Syagrus Type
symmeria,Symmeria,Symmeria
symmeria_paniculata,Symmeria paniculata,Symmeria Paniculata
symphonia,Symphonia,Symphonia
symphonia_globulifera,Symphonia globulifera,Symphonia Globulifera
symphonia_type_a,Symphonia (type A),Symphonia Type a)
symphonia_type_b,Symphonia (type B),Symphonia Type b)
symplocaceae_cf_symplocos,Symplocaceae cf. Symplocos,Symplocaceae Cf Symplocos
symplocos,Symplocos,Symplocos
symplocos_coriacea,Symplocos coriacea,Symplocos Coriacea
symplocos_diporate_psilate,"Symplocos (diporate, psilate)","Symplocos Diporate,Psilate)"
symplocos_lanceolata_type,Symplocos lanceolata-type,Symplocos Lanceolata-Type
symplocos_peruviana,Symplocos peruviana,Symplocos Peruviana
symplocos_tenuifolia_type,Symplocos tenuifolia-type,Symplocos Tenuifolia-Type
symplocos_type,Symplocos-type,Symplocos Type
symplocos_type_1,Symplocos (type 1),Symplocos Type 1)
symplocos_type_2,Symplocos (type 2),Symplocos Type 2)
symplocos_type_3,Symplocos (type 3),Symplocos Type 3)
symplocos_uniflora,Symplocos uniflora,Symplocos Uniflora
syngonium,Syngonium,Syngonium
tabebuia,Tabebuia,Tabebuia
tabebuia_type_1,Tabebuia (type 1),Tabebuia Type 1)
tabebuia_type_3,Tabebuia (type 3),Tabebuia Type 3)
tabernaemontana,Tabernaemontana,Tabernaemontana
tabernaemontana_type,Tabernaemontana-type,Tabernaemontana Type
tachigali,Tachigali,Tachigali
talisia,Talisia,Talisia
talisia_type,Talisia-type,Talisia Type
talisia_type_2,Talisia (type 2),Talisia Type 2)
tanaecium,Tanaecium,Tanaecium
tapirira,Tapirira,Tapirira
tapirira_aff_t_guianensis,Tapirira aff. T. guianensis,Tapirira Aff t Guianensis
tapirira_type,Tapirira-type,Tapirira Type
tapirira_type_1,Tapirira (type 1),Tapirira Type 1)
tapirira_type_2,Tapirira (type 2),Tapirira Type 2)
tapura_guianensis_type_1,Tapura guianensis (type 1),Tapura Guianensis(Type 1)
tecoma,Tecoma,Tecoma
tepualia,Tepualia,Tepualia
terminalia,Terminalia,Terminalia
terminalia_sect_bucida,Terminalia sect. Bucida,Terminalia Sect Bucida
ternstroemia,Ternstroemia,Ternstroemia
tetracera,Tetracera,Tetracera
tetragastris,Tetragastris,Tetragastris
tetrapterys,Tetrapterys,Tetrapterys
tetrazygia,Tetrazygia,Tetrazygia
tetrorchidium,Tetrorchidium,Tetrorchidium
tetrorchidium_rubrivenium,Tetrorchidium rubrivenium,Tetrorchidium Rubrivenium
theaceae,Theaceae,Theaceae
theobroma,Theobroma,Theobroma
thouinia,Thouinia,Thouinia
tilia_type,Tilia-type,Tilia Type
tilioideae,Tilioideae,Tilioideae
tilioideae_cf_apeiba,Tilioideae cf. Apeiba,Tilioideae Cf Apeiba
tilioideae_type,Tilioideae-type,Tilioideae Type
tilioideae_type_1,Tilioideae (type 1),Tilioideae Type 1)
tilioideae_type_32,Tilioideae (type 32),Tilioideae Type 32)
tilioideae_undiff,Tilioideae undiff.,Tilioideae Undiff
tocoyena,Tocoyena,Tocoyena
tontelea,Tontelea,Tontelea
tournefortia,Tournefortia,Tournefortia
tournefortia_rufo_minus_sericea,Tournefortia rufo-sericea,Tournefortia Rufo-Sericea
tournefortia_type,Tournefortia-type,Tournefortia Type
tovomita,Tovomita,Tovomita
tovomitopsis,Tovomitopsis,Tovomitopsis
toxicodendron,Toxicodendron,Toxicodendron
tracheophyta_undiff_paramo_plants,Tracheophyta undiff. (páramo plants),Tracheophyta Undiff(Paramo Plants)
trattinnickia,Trattinnickia,Trattinnickia
trattinnickia_sp,Trattinnickia sp.,Trattinnickia Sp
trema,Trema,Trema
trema_micrantha,Trema micrantha,Trema Micrantha
trema_type,Trema-type,Trema Type
trema_type_2,Trema (type 2),Trema Type 2)
trichanthera,Trichanthera,Trichanthera
trichilia,Trichilia,Trichilia
trichilia_sp,Trichilia sp.,Trichilia Sp
trichilia_type,Trichilia-type,Trichilia Type
trichilia_type_2,Trichilia (type 2),Trichilia Type 2)
trichilia_undiff,Trichilia undiff.,Trichilia Undiff
trigonia,Trigonia,Trigonia
triplaris,Triplaris,Triplaris
triplaris_coccoloba,Triplaris/Coccoloba,Triplaris Coccoloba
tristerix,Tristerix,Tristerix
triumfetta,Triumfetta,Triumfetta
trophis,Trophis,Trophis
tsuga,Tsuga,Tsuga
turpinia_sp,Turpinia sp.,Turpinia Sp
ulmaceae,Ulmaceae,Ulmaceae
ulmus,Ulmus,Ulmus
ulmus_type,Ulmus-type,Ulmus Type
uncaria,Uncaria,Uncaria
unonopsis,Unonopsis,Unonopsis
urera,Urera,Urera
urera_type,Urera-type,Urera Type
urticaceae_moraceae,Urticaceae/Moraceae,Urticaceae Moraceae
urticaceae_moraceae_diporate,Urticaceae/Moraceae (diporate),Urticaceae Moraceae(Diporate)
urticaceae_moraceae_hexaporate,Urticaceae/Moraceae (hexaporate),Urticaceae Moraceae(Hexaporate)
urticaceae_moraceae_pentaporate,Urticaceae/Moraceae (pentaporate),Urticaceae Moraceae(Pentaporate)
urticaceae_moraceae_tetraporate,Urticaceae/Moraceae (tetraporate),Urticaceae Moraceae(Tetraporate)
urticaceae_moraceae_triporate,Urticaceae/Moraceae (triporate),Urticaceae Moraceae(Triporate)
urticaceae_moraceae_type,Urticaceae/Moraceae-type,Urticaceae Moraceae-Type
urticaceae_moraceae_undiff,Urticaceae/Moraceae undiff.,Urticaceae Moraceae Undiff
urticalean_rosids,Urticalean Rosids,Urticalean Rosids
urticalean_rosids_undiff,Urticalean Rosids undiff.,Urticalean Rosids Undiff
urvillea,Urvillea,Urvillea
vaccinium,Vaccinium,Vaccinium
vaccinium_type,Vaccinium-type,Vaccinium Type
vallea,Vallea,Vallea
vallea_type,Vallea-type,Vallea Type
vantanea,Vantanea,Vantanea
vantanea_type_1,Vantanea (type 1),Vantanea Type 1)
viburnum,Viburnum,Viburnum
viburnum_type_1,Viburnum (type 1),Viburnum Type 1)
virola,Virola,Virola
virola_type,Virola-type,Virola Type
visceae_cf_arceuthobium,Visceae cf. Arceuthobium,Visceae Cf Arceuthobium
vismia,Vismia,Vismia
vismia_type,Vismia-type,Vismia Type
vitaceae,Vitaceae,Vitaceae
vitaceae_cf_cissus,Vitaceae cf. Cissus,Vitaceae Cf Cissus
vitex,Vitex,Vitex
vitex_type,Vitex-type,Vitex Type
vitis,Vitis,Vitis
vochysia,Vochysia,Vochysia
vochysiaceae_undiff,Vochysiaceae undiff.,Vochysiaceae Undiff
waltheria,Waltheria,Waltheria
warszewiczia,Warszewiczia,Warszewiczia
weinmannia,Weinmannia,Weinmannia
weinmannia_sloanea_type,Weinmannia/Sloanea-type,Weinmannia Sloanea-Type
weinmannia_trichosperma,Weinmannia trichosperma,Weinmannia Trichosperma
weinmannia_type,Weinmannia-type,Weinmannia Type
weinmannia_type_1,Weinmannia (type 1),Weinmannia Type 1)
weinmannia_type_2,Weinmannia (type 2),Weinmannia Type 2)
wendtia,Wendtia,Wendtia
wendtia_type,Wendtia-type,Wendtia Type
wettinia,Wettinia,Wettinia
ximenia_type,Ximenia-type,Ximenia Type
xylosma,Xylosma,Xylosma
xylosma_sp,Xylosma sp.,Xylosma Sp
xylosma_type,Xylosma-type,Xylosma Type
zanthoxylum,Zanthoxylum,Zanthoxylum
zanthoxylum_type,Zanthoxylum-type,Zanthoxylum Type
zeyheria,Zeyheria,Zeyheria
zollernia,Zollernia,Zollernia
